-- phpMyAdmin SQL Dump
-- version 5.2.0
-- https://www.phpmyadmin.net/
--
-- Host: 127.0.0.1
-- Generation Time: Jul 07, 2025 at 03:16 PM
-- Server version: 10.4.25-MariaDB
-- PHP Version: 8.1.10

SET SQL_MODE = "NO_AUTO_VALUE_ON_ZERO";
START TRANSACTION;
SET time_zone = "+00:00";


/*!40101 SET @OLD_CHARACTER_SET_CLIENT=@@CHARACTER_SET_CLIENT */;
/*!40101 SET @OLD_CHARACTER_SET_RESULTS=@@CHARACTER_SET_RESULTS */;
/*!40101 SET @OLD_COLLATION_CONNECTION=@@COLLATION_CONNECTION */;
/*!40101 SET NAMES utf8mb4 */;

--
-- Database: `dit_tsf`
--

-- --------------------------------------------------------

--
-- Table structure for table `tbla_subject`
--

CREATE TABLE `tbla_subject` (
  `subject_AID` int(3) NOT NULL,
  `subject_ACode` varchar(12) NOT NULL,
  `subject_AName` varchar(255) NOT NULL,
  `subject_ACredit` int(3) NOT NULL,
  `subject_ADes` text NOT NULL,
  `courseA_ID` int(2) NOT NULL
) ENGINE=InnoDB DEFAULT CHARSET=utf8mb4;

--
-- Dumping data for table `tbla_subject`
--

INSERT INTO `tbla_subject` (`subject_AID`, `subject_ACode`, `subject_AName`, `subject_ACredit`, `subject_ADes`, `courseA_ID`) VALUES
(1, 'D000-1101', 'ภาษาไทยเพื่อสื่อสารในงานอาชีพ', 3, 'เขียนติดต่อกิจธุระ ธุรกิจ และเขียนรายงานตามหลักการ คำอธิบายรายวิชาศึกษาและปฏิบัติเกี่ยวกับหลักการใช้ภาษาไทยในการสื่อสาร การวิเคราะห์ สังเคราะห์และประเมินค่าสาร ในชีวิตประจำวันและในงานอาชีพจากสื่อประเภทต่างๆ การนำเสนอข้อมูลหรือบรรยายสรุป การพูดในงานอาชีพ และในโอกาสต่างๆ ของสังคม การเขียนเพื่อติดต่อกิจธุระและธุรกิจ และการเขียนรายงานวิชาการหรือรายงานการวิจัย', 2),
(2, 'D000-1201', 'ภาษาอังกฤษเพื่อการสื่อสารทางธุรกิจและสังคม', 3, 'ศึกษาและปฏิบัติเกี่ยวกับทักษะการฟัง พูด อ่านและเขียนภาษาอังกฤษเพื่อการสื่อสารในชีวิตประจำวัน และทางด้านธุรกิจ การสนทนาสอบถามและให้ข้อมูลเบื้องต้นทางธุรกิจ การให้ข้อมูลส่วนบุคคล การให้ข้อมูล หรือคำแนะนำเกี่ยวกับสถานที่ สินค้า และบริการ โดยใช้บทบาทสมมุติ สถานการณ์จำลอง สถานการณ์จริงใน ชีวิตประจำวัน และสาขางานอาชีพที่เกี่ยวข้อง เข้าใจความเหมือนความแตกต่างระหว่างวัฒนธรรมตามมารยาท สังคม ประเพณีของเจ้าของภาษา การใช้กระบวนการเรียนรู้และเทคโนโลยีสารสนเทศเพื่อพัฒนาทักษะ ภาษาอังกฤษ', 2),
(3, 'D000-1501', 'ชีวิตกับสังคมไทย', 3, 'ศึกษาเกี่ยวกับสังคม การจัดระเบียบทางสังคม ศิลปวัฒนธรรม และภูมิปัญญาไทย หลักธรรมาภิบาลในองค์กร หลักธรรมเพื่อพัฒนางาน พัฒนาคนและสังคม สันติวัฒนธรรม ความเป็นพลเมืองดี ความร่วมมือกับประเทศต่างๆ หลักปรัชญาของเศรษฐกิจพอเพียงและการประยุกต์ใช้ในการดำเนินชีวิต', 2),
(4, 'D201*0004', 'หลักการบัญชีเบื้องต้น', 3, 'ศึกษาและปฏิบัติเกี่ยวกับ ความรู้เบื้องต้นทางการบัญชี กรอบแนวคิดสำหรับการรายงานทางการเงิน สมการบัญชี การวิเคราะห์รายการค้า วิธีการบันทึกบัญชีตามหลักการบัญชีคู่การบันทึกบัญชีในสมุดรายวันทั่วไปและสมุดรายวันเฉพาะ ผ่านรายการไปบัญชีแยกประเภท การจัดทำงบทดลอง กระดาษทำการ รายการปรับปรุง การปิดบัญชีเมื่อสิ้นงวดบัญชี และการจัดทำรายงานทางการเงินของกิจการเจ้าของคนเดียว ประเภทธุรกิจบริการ และซื้อขายสินค้า', 2),
(5, 'D202*0001', 'คอมพิวเตอร์และการบำรุงรักษา', 3, 'หลักการตลาด', 2),
(6, 'D204*1001', 'หลักการตลาด', 3, 'ศึกษาเกี่ยวกับความรู้พื้นฐานการตลาด แนวความคิดทางการตลาด หน้าที่ทางการตลาด การวิเคราะห์สภาพแวดล้อมทางการตลาด พฤติกรรมผู้บริโภคและกระบวนการตัดสินใจซื้อ การแบ่งส่วนตลาด ตลาดเป้าหมาย ผลิตภัณฑ์และการกำหนดตำแหน่งผลิตภัณฑ์ การกำหนดราคา การจัดจำหน่าย และการส่งเสริมการตลาด เทคโนโลยีทางการตลาด และจรรยาบรรณนักการตลาด', 2),
(7, 'D000-1210', 'ภาษาอังกฤษเพื่ออุตสาหกรรมธุรกิจบริการ', 3, 'ศึกษาและปฏิบัติเกี่ยวกับการฟัง พูด อ่านและเขียนภาษาอังกฤษ เพื่อสื่อสารในอุตสาหกรรมธุรกิจบริการ การให้บริการที่พัก สิ่งอำนวยความสะดวก การบริการอาหารและเครื่องดื่ม การต้อนรับและดูแลลูกค้า การจัดงานการสาธิต นำเสนอกิจกรรมบันเทิงต่างๆ การเดินทางการท่องเที่ยว การให้ข้อมูลสิ่งอำนวยความสะดวก การอ่านคู่มือการปฏิบัติงาน ป้าย สัญลักษณ์ เรื่องเกี่ยวกับงานบริการเอกสารทางธุรกิจ โฆษณา ประกาศ ตาราง กราฟ กำหนดการ การกรอกข้อมูลในแบบฟอร์ม การเขียนบันทึกรายงาน การปฏิบัติงาน ปัญหา การแก้ปัญหา การใช้กระบวนการเรียนรู้และเทคโนโลยีสารสนเทศเพื่อพัฒนาทักษะภาษาอังกฤษ', 2),
(8, 'D202*2003', 'การเขียนโปรแกรมคอมพิวเตอร์', 3, 'ศึกษาและปฏิบัติเกี่ยวกับหลักการเขียนโปรแกรมด้วยภาษาคอมพิวเตอร์ คำสั่งรับและแสดงผลข้อมูลชนิดของข้อมูล ตัวแปร ค่าคงที่ นิพจน์และตัวดำเนินการ โครงสร้างโปรแกรมแบบต่างๆ การทำงานกับตัวแปรชุด การจัดการแฟ้มข้อมูลเบื้องต้น เครื่องมือช่วยเขียนโปรแกรม การเขียนโปรแกรมขนาดเล็กสำหรับงานธุรกิจ กรณีศึกษา', 2),
(9, 'D202*2004', 'การวิเคราะห์และออกแบบระบบ', 3, 'ศึกษาและปฏิบัติเกี่ยวกับหลักการวิเคราะห์และออกแบบระบบ วงจรการพัฒนาระบบ การบริหารโครงการ เครื่องมือสนับสนุนการพัฒนาระบบ แบบจำลองของระบบงาน วิเคราะห์ระบบงานปัจจุบัน การออกแบบระบบงานใหม่ การออกแบบระบบ การออกแบบฐานข้อมูล การออกแบบผลลัพธ์ การออกแบบส่วนติดต่อผู้ใช้ กรณีศึกษา', 2),
(10, 'D203*1001', 'หลักเศรษฐศาสตร์', 3, 'แนวคิดพื้นฐานทางเศรษฐศาสตร์ อุปสงค์ อุปทาน ดุลยภาพ ความยืดหยุ่น ทฤษฎีอรรถประโยชน์และทฤษฎีความพึงพอใจเท่ากัน ทฤษฎีการผลิต การกำหนดราคา ปริมาณผลผลิต รายรับ และกำไรในตลาดประเภทต่างๆ รายได้ประชาชาติ เงินเฟ้อ เงินฝืดและการจ้างงาน นโยบายการเงิน นโยบายการคลัง การค้าและการเงินระหว่างประเทศ การพัฒนาเศรษฐกิจ ตลอดจนหลักและแนวคิดทฤษฎีเศรษฐกิจพอเพียง', 2),
(11, 'D202*2005', 'ระบบจัดการฐานข้อมูล', 3, 'ศึกษาและปฏิบัติเกี่ยวกับหลักการของระบบฐานข้อมูล ขึ้นตอนการพัฒนาระบบฐานข้อมูลสถาปัตยกรรมฐานข้อมูล แบบจำลองข้อมูล การวิเคราะห์และการออกแบบฐานข้อมูล แบบจำลองเอนทิตี้และความสัมพันธ์ รูปแบบบรรทัดฐาน การออกแบบฐานข้อมูลเชิงสัมพันธ์ ภาษามาตรฐานบนระบบฐานข้อมูลเชิงสัมพันธ์ การเกิดภาวะพร้อมกัน และการกู้คืน การประยุกต์ใช้ฐานข้อมูลเพื่อพัฒนาระบบงาน กรณีศึกษา', 2),
(12, 'D202*2006', 'การออกแบบและพัฒนาเว็บไซด์', 3, 'ศึกษาและปฏิบัติเกี่ยวกับหลักการออกแบบเว็บไซต์ในงานธุรกิจ การใช้สี การใช้ตัวอักษร การใช้รูปภาพ การออกแบบกราฟิกและภาพเคลื่อนไหวสำหรับเว็บไซต์ ระบบนำทางเว็บ (Navigation) ส่วนติดต่อผู้ใช้ (User Interface) แม่แบบเอกสารเว็บ ฐานข้อมูลเว็บไซต์ เว็บไซต์กับการจัดการฐานข้อมูล ภาษาสคริปต์ PHP SQL XML สร้างเว็บไซต์จากกรณีศึกษา', 2),
(13, 'D202*2102', 'โปรแกรมสื่อประสม', 3, 'ศึกษาและปฏิบัติเกี่ยวกับการสร้าง ออกแบบ แก้ไขและนำสื่อประเภท ภาพ ข้อความ เสียง ภาพเคลื่อนไหว วิดีโอไปใช้ ความรู้พื้นฐานเกี่ยวกับสื่อประสม การจัดทำโครงร่างเรื่องราว (Story Board) กระบวนการสร้าง พัฒนา และประยุกต์ใช้โปรแกรมสื่อประสม การนำเสนอและเผยแพร่ผลงานสื่อประสม กรณีศึกษา', 2),
(14, 'D201*2107', 'การภาษีอากร', 3, 'ศึกษาและปฏิบัติเกี่ยวกับหน้าที่ในการเสียภาษี การคำนวณ การใช้และวิธีการยื่นแบบแสดงรายการเพื่อเสียภาษีเงินได้บุคคลธรรมดา ภาษีเงินได้นิติบุคคล ภาษีเงินได้หัก ณ ที่จ่าย ภาษีมูลค่าเพิ่ม ภาษีธุรกิจเฉพาะ และภาษีอื่นตามประมวลรัษฎากร', 2),
(15, 'D000-1601', 'การพัฒนาทักษะชีวิตเพื่อสุขภาพและสังคม', 3, 'ศึกษาเกี่ยวกับการประยุกต์ใช้หลักการและกระบวนการของพลศึกษา สุขศึกษา และนันทนาการ หลักการเลือกกิจกรรมพัฒนาทักษะชีวิตและสุขภาพ การจัดกิจกรรมเพื่อเสริมสร้างสัมพันธภาพที่ดีกับครอบครัว เพื่อน สังคม กระบวนการทางประชาสังคมเพื่อกำหนดบทบาทของตนเองในการมีส่วนร่วมเกี่ยวกับกระบวนการ เรียนรู้เรื่องเพศอย่างรอบด้าน สารเสพติด สารพิษและอุบัติภัยของชุมชน และกิจกรรมเพื่อส่งเสริมสุขภาพ ที่สัมพันธ์กับชุมชน', 2),
(16, 'D202*2007', 'การสื่อสารข้อมูลและเครือข่าย', 3, 'ศึกษาและปฏิบัติเกี่ยวกับหลักการสื่อสารข้อมูลและองค์ประกอบของระบบเครือข่าย อุปกรณ์เครือข่าย โปรโตคอล มาตรฐานการสื่อสาร สถาปัตยกรรมเครือข่าย การติดตั้ง การปรับแต่งและใช้งานระบบปฏิบัติการเครือข่าย โปรแกรมประยุกต์และโปรแกรมยูทิลิตี้บนเครือข่าย การรับ-ส่ง ข้อมูลบนเครือข่าย การใช้บริการอินเทอร์เน็ต การดูแลรักษาระบบเครือข่าย และความปลอดภัยบนระบบเครือข่าย', 2),
(17, 'D203*0001', 'การเป็นผู้ประกอบการ', 3, 'ศึกษาและปฏิบัติเกี่ยวกับ แนวคิด ทฤษฎีคุณลักษณะและทักษะที่จำเป็นสำหรับการเป็นประกอบการ การจัดการ ทางการเงิน รูปแบบธุรกิจ แผนธุรกิจ จรรยาบรรณนักธุรกิจ กฎหมายการจัดทำแผนธุรกิจ ภาษีที่เกี่ยวข้องและปฏิบัติโดยการจัดทำธุรกิจจำลองเพื่อการเป็นผู้ประกอบการ การประยุกต์ใช้หลักปรัชญาของเศรษฐกิจพอเพียงในการเป็นผู้ประกอบการ', 2),
(18, 'D203*2101', 'กฎหมายธุรกิจ', 3, 'ศึกษาเกี่ยวกับเอกเทศสัญญาที่สำคัญ ได้แก่ ซื้อขาย แลกเปลี่ยน เช่าทรัพย์ เช่าซื้อ จ้างแรงงาน จ้างทำของ ฝากทรัพย์ ยืม ค้ำประกัน จำนอง จำนำ ตัวแทน นายหน้า ประนีประนอมยอมความ ตั๋วเงิน และพระราชบัญญัติว่าด้วยความผิดอันเกิดจากการใช้เช็ค การจัดตั้ง การดำเนินงาน ห้างหุ้นส่วน บริษัทจำกัด และบริษัทมหาชนจำกัด พระราชบัญญัติล้มละลาย พระราชบัญญัติโรงงาน', 2),
(19, 'D202*8003', 'ฝึกงาน', 3, 'ปฏิบัติงานที่สอดคล้องกับลักษณะของงานในสาขาวิชาชีพในสถานประกอบการ สถานประกอบอาชีพอิสระหรือแหล่งวิทยาการ ให้เกิดความชำนาญ มีทักษะและประสบการณ์งานอาชีพในระดับเทคนิค โดยผ่านความเห็นชอบร่วมกันของผู้รับผิดชอบการฝึกงานในสาขาวิชานั้นๆ บันทึกและรายงานผลการปฏิบัติงานตลอดระยะเวลาการฝึกงาน', 2),
(20, 'D203*1002', 'หลักการจัดการ', 3, 'ศึกษาและปฏิบัติเกี่ยวกับหน้าที่การจัดการ หลักการจัดการสมัยใหม่ การเปลี่ยนแปลงพัฒนาองค์การการนำเทคโนโลยีสารสนเทศมาใช้ในการจัดการ จริยธรรมในการจัดการ กรณีศึกษาการจัดการ การประยุกต์หลักการจัดการในงานอาชีพตามหลักปรัชญาของเศรษฐกิจพอเพียง', 2),
(21, 'D000-1305', 'วิทยาศาสตร์เพื่องานธุรกิจและบริการ', 3, 'ศึกษาและปฏิบัติเกี่ยวกับไฟฟ้าและเครื่องใช้ไฟฟ้าในบ้านและสํานักงาน การเก็บรักษาสินค้า การใช้ พลังงานเพื่อการขนส่ง การอนุรักษ์พลังงานและสิ่งแวดล้อม สารละลาย ปฏิกิริยาเคมี สารเคมีที่ ใช้ในชีวิตประจําวัน และสํานักงาน สารสังเคราะห์และผลิตภัณฑ์', 2),
(22, 'D202*0002', 'คอมพิวเตอร์และสารสนเทศในงานธุรกิจ', 3, 'ศึกษาและปฏิบัติเกี่ยวกับการใช้คอมพิวเตอร์และระบบสารสนเทศในงานธุรกิจ การได้มาของ สารสนเทศ การใช้โปรแกรมประมวลผลคํา การใช้โปรแกรมตารางทําการ การใช้โปรแกรมการนําเสนอ ผลงาน การใช้โปรแกรมฐานข้อมูล จดหมายธุรกิจ อินโฟกราฟิก การออกแบบเอกสารทางธุรกิจ การใช้ อินเทอร์เน็ตในงานธุรกิจ', 2),
(23, 'D202*2006', 'การออกแบบและพัฒนาเว็บไซด์', 3, 'ศึกษาและปฏิบัติเกี่ยวกับหลักการออกแบบเว็บไซต์ในงานธุรกิจ การใช้สี การใช้ตัวอักษร การใช้ รูปภาพ การออกแบบกราฟิกและภาพเคลื่อนไหวสําหรับเว็บไซต์ ระบบนําทางเว็บ (Navigation) ส่วน ติดต่อผู้ใช้ (User Interface) แม่แบบเอกสารเว็บ ฐานข้อมูลเว็บไซต์ เว็บไซต์กับการจัดการฐานข้อมูล ภาษาสคริปต์ PHP SQL XML สร้างเว็บไซต์จากกรณีศึกษา', 2),
(24, 'D202*2001', 'การประกอบเครื่องคอมพิวเตอร์และติดตั้งซอฟแวร์', 3, 'ศึกษาและปฏิบัติเกี่ยวกับหลักการทํางานของระบบคอมพิวเตอร์และระบบปฏิบัติการบน คอมพิวเตอร์ และอุปกรณ์เคลื่อนที่ การเลือกใช้อุปกรณ์คอมพิวเตอร์ตามลักษณะงาน การประกอบ เครื่องคอมพิวเตอร์ การเลือกใช้ และการติดตั้งระบบปฏิบัติการ โปรแกรมควบคุมอุปกรณ์ การรักษา ความปลอดภัยของเครื่องคอมพิวเตอร์ การติดตั้งโปรแกรมประยุกต์ การปรับแต่งระบบปฏิบัติการ', 2),
(25, 'D202*2002', 'การใช้โปรแกรมสํานักงานขั้นสูง', 3, 'ศึกษาและปฏิบัติเกี่ยวกับหลักการและเทคนิคการใช้โปรแกรมสํานักงานขั้นสูงในทางธุรกิจและ ทางวิชาการ แนวทางการประยุกต์ใช้โปรแกรมสํานักงานขั้นสูง เทคนิคการเพิ่มประสิทธิภาพ การใช้งาน โปรแกรมสํานักงานขั้นสูง การสร้างเอกสารเชิงวิชาการ จดหมายเวียน การวิเคราะห์และสถิติ การคัด กรองข้อมูล เครื่องมือ สนับสนุนการเพิ่มประสิทธิภาพการใช้งานโปรแกรมสํานักงานขั้นสูง การใช้ฟังก์ชั่น การใช้แมโคร การใช้โปรแกรมเสริม (Add Ins) กรณีศึกษา', 2),
(26, 'D204*0001', 'หลักการขาย', 3, 'ศึกษาและปฏิบัติเกี่ยวกับหลักการขาย คุณสมบัติและจรรยาบรรณของนักขาย กระบวนการขาย การแสวงหาลูกค้า การเตรียมตัวก่อนการเข้าพบ การเข้าพบ การเสนอขายและการสาธิต การตอบข้อ โต้แย้ง การปิดการขาย การติดตามและการประเมินผลการขาย การบริการก่อนและหลังการขาย โอกาส การก้าวหน้าของนักขาย และเทคโนโลยีที่เกี่ยวข้องกับงานขาย', 2),
(27, 'D000-1401', 'คณิตศาสตร์เพื่อพัฒนาทักษะการคิด', 3, 'ศึกษาเกี่ยวกับการแกทักษะและกระบวนการทางคณิตศาสตร์เกี่ยวกับทักษะการแก้ปัญหา ทักษะการให้เหตุผล ทักษะในการสื่อสาร การสื่อความหมายทางคณิตศาสตร์และการนําเสนอ ทักษะใน การเชื่อมโยงความรู้ต่างๆ ทางคณิตศาสตร์และเชื่อมโยงคณิตศาสตร์ในงานอาชีพ และทักษะการคิดริเริ่ม สร้างสรรค์', 2),
(28, 'D202*8501', 'โครงการ 1', 3, 'ศึกษาและปฏิบัติเกี่ยวกับการบูรณาการความรู้และทักษะในระดับเทคนิคที่สอดคล้องกับสาขา วิชาชีพที่ศึกษาเพื่อสร้างและหรือพัฒนางานด้วยกระบวนการทดลอง สํารวจ ประดิษฐ์คิดค้น หรือการ ปฏิบัติงานเชิงระบบ การเลือกหัวข้อโครงการศึกษาค้นคว้าข้อมูลและเอกสารอ้างอิงการเขียนโครงการ การวางแผนดําเนินงานโครงการ การเก็บรวบรวมข้อมูล วิเคราะห์ออกแบบ การจัดทํารายงาน การ นําเสนอโครงการดําเนินการเป็นรายบุคคลหรือกลุ่มตามลักษณะของงานให้แล้วเสร็จในระยะเวลาที่ กําหนด', 2),
(29, 'D201*1001', 'การบัญชีการเงิน', 3, 'ศึกษาและปฏิบัติเกี่ยวกับกรอบแนวคิดสําหรับการรายงานทางการเงินมาตรฐานรายงานทาง การเงิน การวิเคราะห์รายการค้าสมุดรายวันทั่วไป สมุดรายวันเฉพาะ บัญชีแยกประเภท งบทดลอง รายการปรับปรุงปิดบัญชี และจัดทํารายงานทางการเงิน การบัญชีเกี่ยวกับเงินสด ลูกหนี้ ตั๋วเงิน สินค้า เจ้าหนี้ส่วนของเจ้าของ การบัญชีอุตสาหกรรมอย่างง่าย ระบบใบสําคัญและงบกระแสเงินสด', 2),
(30, 'D202*1001', 'เทคโนโลยีสารสนเทศเพื่อการจัดการอาชีพ', 3, 'ศึกษาและปฏิบัติเกี่ยวกับวิวัฒนาการและบทบาทของเทคโนโลยีสารสนเทศ การสืบค้นและการ จัดการข้อมูลสารสนเทศ องค์ประกอบและการทํางานของระบบคอมพิวเตอร์ การใช้คอมพิวเตอร์และ อุปกรณ์โทรคมนาคม ระบบเครือข่ายคอมพิวเตอร์และอินเทอร์เน็ต การประยุกต์ใช้โปรแกรมสําเร็จรูป ตามลักษณะงานอาชีพ ผลกระทบต่อสังคมและกฎหมายคอมพิวเตอร์', 2),
(31, 'D202*2103', 'โปรแกรมสําเร็จรูปบนอุปกรณ์เคลื่อนที่', 3, 'ศึกษาและปฏิบัติเกี่ยวกับหลักการเทคโนโลยีอุปกรณ์เคลื่อนที่ ฮาร์ดแวร์และซอฟต์แวร์ของ อุปกรณ์เคลื่อนที่ (Mobile Devices) ลักษณะเฉพาะทางของโปรแกรมประยุกต์บนอุปกรณ์เคลื่อนที่ (Mobile Applications) พื้นฐานการพัฒนาโปรแกรมบนอุปกรณ์เคลื่อนที่ แนวคิดพื้นฐานในการพัฒนา ต่อยอดโปรแกรมให้เหมาะสมกับสถานการณ์ปัจจุบัน การใช้โปรแกรมประยุกต์ประเภทต่างๆ และการ ทําธุรกรรมบนอุปกรณ์เคลื่อนที่ กรณีศึกษา', 2),
(32, 'D202*2121', 'การเขียนโปรแกรมภาษาจาวา', 3, 'ศึกษาและปฏิบัติการเกี่ยวกับหลักการเขียนโปรแกรมภาษาจาวา โครงสร้าง และองค์ประกอบ ของโปรแกรมภาษาจาวา คําสั่งรับ และแสดงผลข้อมูล ชนิดของข้อมูล ตัวแปร ค่าคงที่ ตัวดําเนินการ การเขียนโปรแกรมด้วยคําสั่งควบคุม และฟังก์ชันในรูปแบบที่เหมาะสมของภาษา การทํางานกับอาร์เรย์ อาร์เรย์ลิสต์ เมธอด การประยุกต์ใช้ภาษาจาวาสําหรับการปฏิบัติงานในปัจจุบัน', 2),
(33, 'D202*8502', 'โครงการ 2', 3, 'ศึกษาและปฏิบัติเกี่ยวกับการบูรณาการความรู้และทักษะในระดับเทคนิคที่สอดคล้องกับสาขา วิชาชีพที่ศึกษาเพื่อสร้างและหรือพัฒนางานด้วยกระบวนการทดลอง สํารวจ ประดิษฐ์คิดค้น หรือการ ปฏิบัติงานเชิงระบบ การเลือกหัวข้อโครงการศึกษาค้นคว้าข้อมูลและเอกสารอ้างอิงการเขียนโครงการ การดําเนินงานโครงการ การเก็บรวบรวมข้อมูล วิเคราะห์และแปรผล การสรุปจัดทํารายงาน การ นําเสนอผลงานโครงการดําเนินการเป็นรายบุคคลหรือกลุ่มตามลักษณะของงานให้แล้วเสร็จในระยะเวลา ที่กําหนด (ผู้เรียนสามารถจัดทําโครงการสร้างและหรือพัฒนางานที่ต่อเนื่องจากรายวิชา D202*8501 หรือเป็นโครงการใหม่)', 2),
(34, '3000-1101', 'ภาษาไทยเพื่อสื่อสารในงานอาชีพ', 3, 'ภาษาไทยเพื่อสื่อสารในงานอาชีพ', 1),
(35, '3000-1201', 'ภาษาอังกฤษเพื่อการสื่อสารทางธุรกิจและสังคม', 3, 'ภาษาอังกฤษเพื่อการสื่อสารทางธุรกิจและสังคม', 1),
(36, 'D000-1210', 'ภาษาอังกฤษเพื่ออุตสาหกรรมธุรกิจบริการ', 3, 'ศึกษาและปฏิบัติเกี่ยวกับการฟัง พูด อ่านและเขียนภาษาอังกฤษ เพื่อสื่อสารในอุตสาหกรรม ธุรกิจบริการ การให้บริการที่พัก สิ่งอํานวยความสะดวก การบริการอาหารและเครื่องดื่ม การต้อนรับ และดูแลลูกค้า การจัดงานการสาธิต นําเสนอกิจกรรมบันเทิงต่างๆ การเดินทางการท่องเที่ยว การให้ ข้อมูลสิ่งอํานวยความสะดวก การอ่านคู่มือการปฏิบัติงาน ป้าย สัญลักษณ์ เรื่องเกี่ยวกับงานบริการ เอกสารทางธุรกิจ โฆษณา ประกาศ ตาราง กราฟ กําหนดการ การกรอกข้อมูลในแบบฟอร์ม การเขียน บันทึกรายงาน การปฏิบัติงาน ปัญหา การแก้ปัญหา การใช้กระบวนการเรียนรู้และเทคโนโลยีสารสนเทศ เพื่อพัฒนาทักษะภาษาอังกฤษ', 1),
(37, '3000-1305', 'วิทยาศาสตร์งานธุรกิจและบริการ', 3, 'วิทยาศาสตร์งานธุรกิจและบริการ', 1),
(38, '3000–1502', 'เศรษฐกิจพอเพียง', 3, 'เศรษฐกิจพอเพียง', 1),
(39, '3204-2001', 'การประกอบเครื่องคอมพิวเตอร์และติดตั้งซอฟต์แวร์', 3, 'ศึกษาและปฏิบัติเกี่ยวกับหลักการทํางานของไมโครคอมพิวเตอร์และอุปกรณ์พกพา การเลือกใช้อุปกรณ์คอมพิวเตอร์ตามลักษณะงาน การประกอบเครื่องคอมพิวเตอร์การเลือกใช้และติดตั้งระบบปฏิบัติการโปรแกรมควบคุมอุปกรณ์และโปรแกรมประยุกต์การปรับแต่งระบบปฏิบัติการตามข้อกําหนด', 1),
(40, '3204-2002', 'การใช้โปรแกรมสํานักงานขั้นสูง', 3, 'ศึกษาและปฏิบัติเกี่ยวกับหลักการ และเทคนิคการใช้โปรแกรมสํานักงานขั้นสูงในงานธุรกิจ แนว ทางการประยุกต์ใช้โปรแกรมสํานักงานขั้นสูง เทคนิคการเพิ่มประสิทธิภาพการใช้งานโปรแกรมสํานักงานขั้น สูง เครื่องมือ สนับสนุนการเพิ่มประสิทธิภาพการใช้งานโปรแกรมสํานักงานขั้นสูง การใช้ฟังก์ชั่น การใช้ แมโคร การใช้โปรแกรมเสริม (Add Ins) กรณีศึกษา', 1),
(41, '3204-2007', 'การเขียนโปรแกรมคอมพิวเตอร์', 3, 'ศึกษาและปฏิบัติเกี่ยวกับหลักการเขียนโปรแกรมด้วยภาษาคอมพิวเตอร์ คําสั่งรับและแสดงผลข้อมูล ชนิดของข้อมูล โครงสร้างโปรแกรมแบบต่าง ๆ การจัดการแฟ้มข้อมูลเบื้องต้น เครื่องมือช่วยเขียนโปรแกรม การเขียนโปรแกรมขนาดเล็กสําหรับงานธุรกิจ กรณีศึกษา', 1),
(42, '3308-2401', 'การออกแบบการฟิกเพื่องานพิมพ์', 3, 'การออกแบบการฟิกเพื่องานพิมพ์', 1),
(43, '3000-2001', 'กิจกรรมองค์การวิชาชีพ 1', 3, 'ปฏิบัติเกี่ยวกับ กิจกรรมองค์การวิชาชีพ กิจกรรมพัฒนาทักษะและประสบการณ์วิชาการและวิชาชีพ เพื่อพัฒนาตนเอง องค์กร ชุมชนและสังคม การวางแผน ดําเนินการ ติดตามประเมินผล แก้ไขปัญหาและพัฒนา กิจกรรมองค์การวิชาชีพการใช้กระบวนการกลุ่มและการเป็นผู้นําผู้ตามตามระบอบประชาธิปไตยในการจัดและ ร่วมกิจกรรมองค์การวิชาชีพ', 1),
(44, '3001-1001', 'การบริหารงานคุณภาพในองค์การ', 3, 'ศึกษาเกี่ยวกับ การจัดองค์การ การเพิ่มประสิทธิภาพขององค์การ การบริหารงานคุณภาพและ เพิ่มผลผลิตการจัดการความเสี่ยง การจัดการความขัดแย้งในองค์การ กลยุทธ์การเพิ่มประสิทธิภาพการทํางาน การนํากิจกรรมระบบคุณภาพและเพิ่มผลผลิตมาประยุกต์ใช้ในการจัดการงานอาชีพ', 1),
(45, '3001-2001', 'เทคโนโลยีสารสนเทศเพื่อการจัดการอาชีพ', 3, 'ศึกษาและปฏิบัติเกี่ยวกับคอมพิวเตอร์และอุปกรณ์โทรคมนาคม ระบบเครือข่ายคอมพิวเตอร์และ สารสนเทศ การสืบค้นข้อมูลสารสนเทศ การจัดเก็บ ค้นคืน ส่งผ่านและจัดดําเนินการข้อมูลสารสนเทศ การ ประยุกต์ใช้โปรแกรมสําเร็จรูปในการนําเสนอและสื่อสารข้อมูลสารสนเทศตามลักษณะงานอาชีพ', 1),
(46, '3200-9001', 'กฎหมายธุรกิจ', 3, 'ศึกษาเกี่ยวกับบุคคล นิติกรรม หนี้ เอกเทศสัญญาที่สําคัญ ได้แก่ ซื้อขาย แลกเปลี่ยน เช่าทรัพย์เช่า ซื้อจ้างแรงงาน จ้างทําของ ฝากทรัพย์ ยืม ค้ําประกัน จํานอง จํานํา ตัวแทน นายหน้า ประนีประนอมยอม ความ ตัวเงิน และพระราชบัญญัติว่าด้วยความผิดอันเกิดจากการใช้เช็ค การจัดตั้ง การดําเนินงาน ห้าง หุ้นส่วน บริษัทจํากัด และบริษัทมหาชนจํากัด พระราชบัญญัติล้มละลาย พระราชบัญญัติโรงงาน', 1),
(47, '3204-5101', 'งานคอมพิวเตอร์ธุรกิจ 1', 3, 'งานคอมพิวเตอร์ธุรกิจ 1', 1),
(48, '3204-5102', 'งานคอมพิวเตอร์ธุรกิจ 2', 3, 'งานคอมพิวเตอร์ธุรกิจ 2', 1),
(49, '3204-8002', 'ฝึกงาน 1', 2, 'ปฏิบัติงานที่สอดคล้องกับลักษณะของงานในสาขาวิชาชีพในสถานประกอบการ สถานประกอบอาชีพ อิสระหรือแหล่งวิทยาการ ให้เกิดความชํานาญ มีทักษะและประสบการณ์งานอาชีพในระดับเทคนิค โดยผ่าน ความเห็นชอบร่วมกันของผู้รับผิดชอบการฝึกงานในสาขาวิชานั้น ๆ บันทึกและรายงานผลการปฏิบัติงานตลอด ระยะเวลาการฝึกงาน', 1),
(50, '3000-1206', 'การสนทนาภาษาอังกฤษ 1', 3, 'การสนทนาภาษาอังกฤษ 1', 1),
(51, '3200-1003', 'หลักการตลาด', 3, 'ศึกษาเกี่ยวกับความรู้พื้นฐานการตลาด แนวคิดทางการตลาด หน้าที่การตลาด การวิเคราะห์สภาพแวดล้อมทางการตลาด พฤติกรรมผู้บริโภคและกระบวนการตัดสินใจซื้อ การแบ่งส่วนตลาด ตลาดเป้าหมาย ผลิตภัณฑ์ การกำหนดราคา การจัดจำหน่าย และการส่งเสริมการตลาด เทคโนโลยีทางการตลาด และจรรณยาบรรณนักการตลาด', 1),
(52, '3200–1001', 'หลักเศรษฐศาสตร์', 3, 'ศึกษาเกี่ยวกับความรู้ทั่วไปทางเศรษฐศาสตร์ อุปสงค์ อุปทาน และการเปลี่ยนแปลงอุปสงค์ อุปทาน และภาวะดุลยภาพของตลาด ความยืดหยุ่นของอุปสงค์และอุปทาน ทฤษฎีพฤติกรรมผู้บริโภค ทฤษฎีการผลิต ต้นทุน รายรับและกําไรจากการผลิต การกําหนดราคาสินค้าในตลาดประเภทต่าง ๆ รายได้ประชาชาติ องค์ประกอบและการกําหนดรายได้ประชาชาติ การเงินและการธนาคาร การคลังรัฐบาล การค้าระหว่างประเทศ เงินเฟ้อ เงินฝืด และการแก้ปัญหาเศรษฐกิจมหภาค วัฏจักรเศรษฐกิจ การพัฒนาเศรษฐกิจและการบูรณาการหลัก ปรัชญาของเศรษฐกิจพอเพียง', 1),
(53, '3200-1002', 'หลักการจัดการ', 3, 'ศึกษาและปฏิบัติเกี่ยวกับหน้าที่การจัดการ หลักการจัดการสมัยใหม่ การเปลี่ยนแปลงพัฒนาองค์การ การนําเทคโนโลยีสารสนเทศมาใช้ในการจัดการ จริยธรรมในการจัดการ กรณีศึกษาการจัดการ การประยุกต์ หลักการจัดการในงานอาชีพตามหลักปรัชญาของเศรษฐกิจพอเพียง', 1),
(55, '3000-1403', 'คณิตศาตร์ธุรกิจ', 3, 'คณิตศาตร์ธุรกิจ', 1),
(56, '3204-2006', 'การวิเคราะห์และออกแบบระบบ', 3, 'ศึกษาและปฏิบัติเกี่ยวกับหลักการวิเคราะห์และออกแบบระบบ วงจรการพัฒนาระบบ การบริหารโครงการ เครื่องมือสนับสนุนการพัฒนาระบบ แบบจําลองของระบบงาน การออกแบบระบบ การออกแบบฐานข้อมูล การออกแบบผลลัพธ์ การออกแบบส่วนติดต่อผู้ใช้', 1),
(57, '3204-2103', 'การประยุกต์ใช้โปรแกรมสื่อประสม', 3, 'ศึกษาและปฏิบัติเกี่ยวกับการสร้าง แก้ไขสื่อประเภทภาพ ข้อความ เสียง ภาพเคลื่อนไหว วิดีโอ และ จัดทําโครงร่างเรื่องราว (Story Board) การสร้าง พัฒนา และประยุกต์ใช้โปรแกรมสื่อประสม การนําเสนอและ เผยแพร่ผลงานสื่อประสม', 1),
(58, '3204-2004', 'ระบบจัดการฐานข้อมูล', 3, 'ศึกษาและปฏิบัติเกี่ยวกับหลักการของระบบฐานข้อมูล ขั้นตอนการพัฒนาระบบฐานข้อมูล สถาปัตยกรรมฐานข้อมูล แบบจําลองข้อมูล การวิเคราะห์และการออกแบบฐานข้อมูล แบบจําลองเอนทิตี้และ ความสัมพันธ์ รูปแบบบรรทัดฐาน การออกแบบฐานข้อมูลเชิงสัมพันธ์ ภาษามาตรฐานบนระบบฐานข้อมูล เชิงสัมพันธ์ การเกิดภาวะพร้อมกัน และการกู้คืน การประยุกต์ใช้ฐานข้อมูลเพื่อพัฒนาระบบงาน', 1),
(59, '3204-2005', 'การออกแบบและพัฒนาเว็บไซต์', 3, 'ศึกษา และปฏิบัติเกี่ยวกับหลักการออกแบบเว็บไซต์ในงานธุรกิจ การใช้สี การใช้ตัวอักษร การใช้ รูปภาพ การออกแบบกราฟิกและภาพเคลื่อนไหวสําหรับเว็บไซต์ ระบบนําทางเว็บ (Navigation) ส่วนติดต่อผู้ใช้ (User Interface) แม่แบบเอกสารเว็บ สร้างเว็บไซต์', 1),
(60, '3204-2106', 'การพัฒนาเว็บไซต์ในงานธุรกิจ', 3, 'ศึกษาและปฏิบัติเกี่ยวกับพื้นฐานและการทํางานของบริการเว็บบนระบบอินเทอร์เน็ต (World Wide Web) การพัฒนาเว็บไซต์แบบ Dynamic ด้วยโปรแกรมสําเร็จรูปหรือพัฒนาเว็บด้วยโปรแกรมอื่น ๆ การติดตั้ง การบํารุงรักษาระบบ และจัดทําคู่มือ', 1),
(61, '3204-2003', 'การสื่อสารข้อมูลและเครือข่าย', 3, 'ศึกษาและปฏิบัติเกี่ยวกับหลักการ การสื่อสารข้อมูลและเครือข่าย การติดตั้งระบบปฏิบัติการเครือข่าย การปรับแต่งและใช้งานระบบปฏิบัติการเครือข่าย การรับ-ส่ง ข้อมูลบนเครือข่าย การใช้บริการบนอินเทอร์เน็ต การดูแลรักษาระบบเครือข่าย และความปลอดภัยบนระบบเครือข่าย', 1),
(62, '3204-2102', 'เทคนิคการสร้างภาพเคลื่อนไหวคอมพิวเตอร์', 3, 'ศึกษาและปฏิบัติเกี่ยวกับภาพเคลื่อนไหว ประเภทและชนิดของไฟล์ภาพแบบ Bitmap ภาพ แบบ Vector หลักการสร้างภาพเคลื่อนไหว การจัดการไฟล์ภาพเคลื่อนไหว การเลือกใช้โปรแกรมสร้างภาพเคลื่อนไหว การ นําเสนอผลงาน การประยุกต์ใช้งานภาพเคลื่อนไหวในงานธุรกิจ', 1),
(63, '3204-8001', 'ฝึกงาน', 4, 'ปฏิบัติงานที่สอดคล้องกับลักษณะของงานในสาขาวิชาชีพในสถานประกอบการ สถานประกอบอาชีพ อิสระหรือแหล่งวิทยาการ ให้เกิดความชํานาญ มีทักษะและประสบการณ์งานอาชีพในระดับเทคนิค โดยผ่าน ความเห็นชอบร่วมกันของผู้รับผิดชอบการฝึกงานในสาขาวิชานั้น ๆ บันทึกและรายงานผลการปฏิบัติงานตลอด ระยะเวลาการฝึกงาน', 1),
(64, '3000-1601', 'การพัฒนาทักษะชีวิตเพื่อสุขภาพและสังคม', 3, 'การพัฒนาทักษะชีวิตเพื่อสุขภาพและสังคม', 1);

-- --------------------------------------------------------

--
-- Table structure for table `tblb_subject`
--

CREATE TABLE `tblb_subject` (
  `subject_BID` int(3) NOT NULL,
  `subject_BCode` varchar(12) NOT NULL,
  `subject_BName` varchar(255) NOT NULL,
  `subject_BCredit` int(3) NOT NULL,
  `subject_BDes` text NOT NULL,
  `sgID` int(4) NOT NULL,
  `categoryID` int(3) NOT NULL,
  `courseB_ID` int(2) NOT NULL
) ENGINE=InnoDB DEFAULT CHARSET=utf8mb4;

--
-- Dumping data for table `tblb_subject`
--

INSERT INTO `tblb_subject` (`subject_BID`, `subject_BCode`, `subject_BName`, `subject_BCredit`, `subject_BDes`, `sgID`, `categoryID`, `courseB_ID`) VALUES
(1, 'GE-010-001', 'ภาษาอังกฤษ', 3, 'ทักษะการฟัง การพูด การอ่าน และการเขียนภาษาอังกฤษในบริบทที่ทำงาน ได้แก่ การพบปะและการทักทาย การขอและการให้ข้อมูลส่วนบุคคล การบรรยายประเภทสำนักงาน การบรรยายกิจวัตรประจำวัน การบรรยายกิจกรรมในวันปกติ การบรรยายตำแหน่งของเครื่องมือเครื่องใช้ในสำนักงาน การพูดคุยทางโทรศัพท์และการฝากข้อความ การซื้อขายสินค้าในร้านค้า การนัดหมาย การวางแผนงาน และการเขียนจดหมายอิเล็กทรอนิกส์เพื่อสอบถามข้อมูล', 1, 1, 1),
(2, 'GE-010-002', 'ภาษาอังกฤษ 2', 3, 'ทักษะการฟัง การพูด การอ่าน และการเขียนภาษาอังกฤษในบริบทที่ทำงานในระดับที่สูงขึ้น ได้แก่ การจองห้องพักของโรงแรม การเชิญรับประทานอาหารเย็น การพูดคุยเกี่ยวกับวันหยุดพักผ่อน การพูดคุยเกี่ยวกับที่ทำงาน การพูดคุยเกี่ยวกับการทำงานและกิจกรรมเวลาว่าง การพูดคุยเกี่ยวกับการท่องเที่ยวและการพักผ่อน การพูดคุยเกี่ยวกับชีวิตในอนาคต  การกล่าวลา และการเขียนจดหมายอิเล็กทรอนิกส์เพื่อยืนยัน ปฏิเสธและตอบขอบคุณ', 1, 1, 1),
(3, 'GE-010-003', 'ภาษาอังกฤษ 3', 3, 'การใช้ภาษาอังกฤษเพื่อการสื่อสารในที่ทำงาน ได้แก่ การต้อนรับแขกผู้มาเยือนที่ทำงาน การติดต่อสื่อสารในที่ทำงาน การบรรยายสินค้าและบริการ การโฆษณา การนำเสนอข้อมูลของที่ทำงาน การรับบริการของธนาคาร การพูดคุยเกี่ยวการศึกษาและอาชีพในอนาคต การจัดการกับข้อร้องเรียน การเข้าสังคม และการจัดประชุม และการเขียนจดหมายอิเล็กทรอนิกส์ด้วยภาษาทางการและไม่ทางการ', 1, 1, 1),
(4, 'GE-010-004', 'ภาษาอังกฤษ 4', 3, 'การใช้ภาษาอังกฤษเพื่อการสื่อสารในที่ทำงานในระดับที่สูงขึ้น ได้แก่ การพูดคุยเกี่ยวกับการบริหารจัดการเวลา การพูดคุยเกี่ยวกับการให้บริการ การอภิปรายเกี่ยวกับการตลาด การพูดคุยเกี่ยวกับปัญหาในการทำงาน การอภิปรายเกี่ยวกับสื่อเพื่อการสื่อสาร การดำเนินการประชุมและการจดบันทึกการประชุม การอภิปรายเกี่ยวกับการนำเสนอที่ดี การอภิปรายเกี่ยวกับงานแต่ละประเภท การอภิปรายเกี่ยวกับสิ่งแวดล้อม การหางาน การเขียนจดหมายสมัครงาน และการเขียนประวัติส่วนตัว', 1, 1, 1),
(5, 'GE-010-005', 'ภาษาไทยเพื่อการสื่อสาร', 3, 'ทักษะการใช้ภาษาไทยด้านการพูด  การฟัง  การอ่าน  และการเขียน  เพื่อใช้เป็นเครื่องมือสำคัญในการศึกษาทุก ๆ ศาสตร์ เพื่อการติดต่อสื่อสารในสถานการณ์ต่าง ๆ ในชีวิตประจำวันและสื่อสารในการประกอบอาชีพอย่างมีประสิทธิภาพ', 1, 1, 1),
(6, 'GE-020-006', 'คุณค่าของมนุษย์', 3, 'ความหมายของชีวิตและพัฒนาการของมนุษย์ แนวความคิด ความเชื่อ และความมีเหตุผลของมนุษย์ คุณธรรม จริยธรรมในการดำเนินชีวิต เอกลักษณ์ของวัฒนธรรมและมารยาทไทย ภูมิปัญญาท้องถิ่น และเศรษฐกิจพอเพียงในการดำรงชีวิตอย่างมีความสุข', 2, 1, 1),
(7, 'GE-020-007', 'ภูมิปัญญาเพื่อการพัฒนาท้องถิ่น', 3, 'แนวคิดและความรู้เบื้องต้นเกี่ยวกับภูมิปัญญา  ภูมิปัญญาท้องถิ่นกับการดำรงชีวิต  ภูมิปัญญาท้องถิ่นกับการพัฒนาของชุมชน  ภูมิปัญญาท้องถิ่นกับผลกระทบทางสังคมและกระแสโลกาภิวัตน์  การพัฒนาภูมิปัญญาท้องถิ่นสู่สากล', 2, 1, 1),
(8, 'GE-020-008', 'การพัฒนาบุคลิกภาพ', 3, 'ความหมาย แนวคิด และทฤษฎีเกี่ยวกับบุคลิกภาพ ปัจจัยที่มีอิทธิพลต่อบุคลิกภาพ เทคนิควิธีปรับปรุงบุคลิกภาพและแนวทางการพัฒนาภาวะผู้นำ การรับรู้เกี่ยวกับตนและการพัฒนาตนเพื่อการทำงานร่วมกับผู้อื่นอย่างมีความสุข สุขภาพจิตและการปรับตัว และความงดงามแห่งบุคลิกภาพ', 2, 1, 1),
(9, 'GE-030-001', 'พลวัตทางสังคมโลก', 3, 'วิวัฒนาการทางด้านสังคม วัฒนธรรม ระบบเศรษฐกิจ และระบอบการเมืองการปกครองของโลก สถานการณ์การเปลี่ยนแปลงที่มีผลกระทบต่อสังคมไทยและ   สังคมโลก การปรับตัวเข้ากับการเปลี่ยนแปลงของโลก', 3, 1, 1),
(10, 'GE-030-002', 'กฎหมายในชีวิตประจำวัน', 3, 'ความรู้เบื้องต้นเกี่ยวกับกฎหมายทั่วไป หลักกฎหมายเกี่ยวกับลักษณะบุคคล ทรัพย์ ครอบครัวและมรดก เอกเทศสัญญาชีวิตประจำวัน พินัยกรรม กระบวนการยุติธรรมเบื้องต้น หลักกฎหมายอาญา กระบวนการยุติธรรมทางอาญา สิทธิมนุษยชน', 3, 1, 1),
(11, 'GE-030-003', 'พหุวัฒนธรรมศึกษา', 3, 'ความหมายและความสำคัญของวัฒนธรรม  ความหลากหลายทางวัฒนธรรม วัฒนธรรมตะวันออกและตะวันตก วัฒนธรรมไทย วัฒนธรรมอีสาน วัฒนธรรมภาคเหนือและวัฒนธรรมภาคใต้  การวิเคราะห์การเปลี่ยนแปลงทางสังคม และกระแสโลกาภิวัตน์ที่มีผลกระทบต่อวัฒนธรรมและวิถีชีวิตของมนุษย์', 3, 1, 1),
(12, 'GE-040-001', 'การคิดและการตัดสินใจ', 3, 'หลักการและกระบวนการคิด การคิดระดับสูง ได้แก่ การคิดวิเคราะห์ การคิดสังเคราะห์ การคิดวิจารญาณ การคิดสร้างสรรค์  การแก้ปัญหาเชิงวิทยาศาสตร์ การใช้เหตุผล การประยุกต์การคิดและการตัดสินใจที่สมเหตุผลในการแก้ปัญหาการดำรงชีวิตประจำวัน', 4, 1, 1),
(13, 'GE-040-002', 'คณิตศาสตร์เพื่อชีวิต', 3, 'หลักการและกระบวนการคิด ทางคณิตศาสตร์  ตรรกศาสตร์  การให้เหตุผล  การแปลความหมายทางคณิตศาสตร์การเปรียบเทียบหน่วยวัด  อัตราการเปลี่ยนแปลงสกุลเงิน  ดอกเบี้ย  ภาษี  การประยุกต์คณิตศาสตร์และสถิติเพื่อการตัดสินใจและแก้ปัญหาในชีวิตประจำวัน', 4, 1, 1),
(14, 'GE-040-003', 'ชีวิตกับสิ่งแวดล้อม', 3, 'ความรู้เบื้องต้นเกี่ยวกับสิ่งมีชีวิตและสิ่งแวดล้อม ระบบนิเวศและความหลากหลายทางชีวภาพ ปัญหาด้านสิ่งแวดล้อมและมลพิษสิ่งแวดล้อม สารเคมีในชีวิตประจำวัน พลังงานทดแทนและการอนุรักษ์พลังงาน มนุษย์กับทรัพยากรธรรมชาติ การอนุรักษ์และการจัดการสิ่งแวดล้อมและทรัพยากรธรรมชาติเพื่อใช้ประโยชน์อย่างยั่งยืน กฎหมายและนโยบายที่เกี่ยวข้อง', 5, 1, 1),
(15, 'GE-040-004', 'ทักษะการรู้ยุคดิจิทัล', 3, 'แนวคิดและความสำคัญของการรู้ดิจิทัล หรือ Digital literacy กระบวนการพัฒนาทักษะความสามารถในการใช้สื่อ การใช้อุปกรณ์คอมพิวเตอร์และอุปกรณ์สื่อสารประเภทต่าง ๆ การสืบค้น วิเคราะห์ ประเมินค่า สิทธิและการสร้างสรรค์ ตระหนักรู้ถึงจริยธรรมและความรับผิดชอบของตนต่อสังคมจากพฤติกรรมการสื่อสาร ครอบคลุมความสามารถ 4 มิติ ได้แก่ การใช้ (Use) การเข้าใจ (Understand) การสร้าง (create) และการเข้าถึง (Access) เทคโนโลยีดิจิทัล ได้อย่างมีประสิทธิภาพ', 5, 1, 1),
(16, 'GE-040-005', 'เทคโนโลยีสารสนเทศเพื่อการปฏิบัติงาน', 3, 'ระบบเทคโนโลยีสารสนเทศ ผลกระทบของเทคโนโลยีสารสนเทศต่อชีวิต และ    การดำรงชีวิตของมนุษย์ องค์ประกอบด้านฮาร์ดแวร์ การใช้ระบบโปรแกรม        การใช้โปรแกรมประยุกต์เพื่อการจัดทำเอกสาร การทำตารางคำนวณ การนำเสนอและการจัดฐานข้อมูล การใช้งานโครงข่ายคอมพิวเตอร์ การแลกเปลี่ยนข้อมูลบนระบบโครงร่างคอมพิวเตอร์ การเคารพในทรัพย์สินทางปัญญา', 5, 1, 1),
(17, 'GE-050-001', 'กีฬาและนันทนาการเพื่อสุขภาพ', 3, 'พัฒนาความรู้และทักษะเกี่ยวกับวิธีการออกกำลังกาย การเสริมสร้างสมรรถภาพทางกาย ฝึกทักษะการออกกำลังกาย และเลือกกิจกรรมกีฬาที่เหมาะสมกับตนเอง  รู้หลักโภชนาการสำหรับบุคคลวัยต่าง ๆ จัดกิจกรรมนันทนาการ เพื่อใช้เวลาว่างให้เป็นประโยชน์ การเรียนรู้การใช้ชีวิตและการทำงานร่วมกัน ฝึกการเป็นผู้นำผู้ตามที่ดี ในการดำรงตนในสังคมอย่างมีความสุข ทั้งร่างกาย จิตใจ และเพื่อพัฒนาคุณภาพชีวิต', 6, 1, 1),
(18, 'AC-001-102', 'การภาษีอากร', 3, 'ศึกษาหลักเกณฑ์ วิธีการประเมินและการจัดเก็บภาษีอากรต่างๆ ตามประมวลรัษฎากร และภาษีอื่น ๆ ที่เกี่ยวข้อง ประกอบด้วย ภาษีเงินได้บุคคลธรรมดา ภาษีเงินได้นิติบุคคล ภาษีมูลค่าเพิ่ม ภาษีธุรกิจเฉพาะ ภาษีเงินได้หัก ณ ที่ จ่าย อากรแสตมป์  ภาษีศุลกากร ภาษีสรรพสามิต ภาษีท้องถิ่น และอื่น ๆ', 7, 2, 1),
(19, 'BA-001-102', 'หลักการตลาด', 3, 'บทบาทความสำคัญและหน้าที่ทางการตลาด แนวความคิดทางการตลาด สภาพแวดล้อมทางการตลาด พฤติกรรมผู้บริโภค การแบ่งส่วนตลาด การเลือกตลาดเป้าหมายและการวางตำแหน่งผลิตภัณฑ์ ลักษณะตลาด ส่วนประสมทางการตลาด จริยธรรมทางการตลาด', 7, 2, 1),
(20, 'BA-001-003', 'หลักเศรษฐศาสตร์', 3, 'ศึกษาแนวคิดเศรษฐศาสตร์และการประยุกต์ใช้ทฤษฎีเศรษฐศาสตร์เกี่ยวกับปัญหาพื้นฐานทางเศรษฐกิจ อุปสงค์และอุปทาน ทฤษฎีพฤติกรรมผู้บริโภค ทฤษฎีการผลิต ต้นทุนการผลิต  การกำหนดราคาในตลาดประเภทต่างๆ  เป้าหมายและปัญหาในทางเศรษฐศาสตร์มหภาค  การกําหนดขึ้นเป็นรายได้ประชาชาติ การเงินและนโยบายการเงิน การคลังและนโยบายการคลัง เศรษฐศาสตร์ระหว่างประเทศ     วัฏจักรเศรษฐกิจ การพัฒนาเศรษฐกิจตลอดจนหลักและแนวคิดเศรษฐกิจพอเพียง', 7, 2, 1),
(21, 'BA-042-010', 'ระบบสารสนเทศเพื่อการจัดการ', 3, 'บทบาทและความสำคัญของระบบสารสนเทศในองค์การ โครงสร้างระบบสารสนเทศเพื่อการจัดการ กลยุทธ์การนำระบบสารสนเทศเพื่อใช้ในการปรับเปลี่ยนองค์การและการพัฒนาระบบสารสนเทศ การบริหารทรัพย์สินระบบสารสนเทศ การบริหารจัดการข้อมูลในองค์การ  การบูรณการระบบสารสนเทศ ระบบสนับสนุนการตัดสินใจที่นำมาใช้ในองค์การ', 9, 2, 1),
(22, 'BA-042-013', 'การวิเคราะห์และออกแบบระบบ', 3, 'กระบวนการพัฒนาระบบ องค์ประกอบของระบบ ทางเลือกวิธีการพัฒนาระบบ การศึกษาความเป็นไปได้ในการพัฒนาระบบ การเก็บรวบรวมความต้องการ      การวิเคราะห์ความต้องการ แผนภาพแสดงแบบจำลอง การออกแบบระบบ การออกแบบส่วนติดต่อผู้ใช้งาน การออกแบบฐานข้อมูล การสร้างซอฟต์แวร์ต้นแบบ การตรวจสอบความถูกต้องของการออกแบบกับความต้องการ การนำเสนอผลการวิเคราะห์และออกแบบระบบ การทดสอบซอฟต์แวร์และการประเมินผลการใช้งานระบบ การนำระบบไปใช้และการบำรุงรักษาระบบ', 9, 2, 1),
(23, 'BA-042-014', 'โครงงานคอมพิวเตอร์เพื่อธุรกิจ 1', 2, 'แนวคิดและความสำคัญของหลักการวิจัยและสถิติ การเก็บรวบรวมข้อมูลความต้องการ สรุปประเด็นปัญหา การพัฒนาโครงงานวิจัยคอมพิวเตอร์เพื่อธุรกิจภายใต้การแนะนำของอาจารย์ที่ปรึกษาและรายงานผลการพัฒนาโครงงานคอมพิวเตอร์ธุรกิจต่อคณะกรรมการ', 9, 2, 1),
(24, 'BA-042-021', 'ระบบฐานข้อมูล', 3, 'แนวคิดเกี่ยวกับระบบฐานข้อมูล สถาปัตยกรรมของระบบฐานข้อมูล คุณสมบัติของฐานข้อมูล ความมั่นคงของฐานข้อมูล การออกแบบฐานข้อมูล ระบบจัดการฐานข้อมูล ภาษาเอสคิวแอลสำหรับการจัดการฐานข้อมูล', 10, 2, 1),
(25, 'BA-042-022', 'การออกแบบและพัฒนาเว็บไซต์', 3, 'หลักการทำงานของเว็บไซด์ องค์ประกอบของเว็บไซด์ กระบวนการพัฒนาเว็บไซด์  หลักการออกแบบเว็บไซด์ การเลือกใช้เครื่องมือในการพัฒนาเว็บไซด์ ภาษามาตรฐานในการพัฒนาเว็บไซด์ จรรยาบรรณของการพัฒนาเว็บไซด์   การเลือกใช้โฮลติ้งในการพัฒนาเว็บไซด์ การฝึกปฏิบัติ ใช้เครื่องมือในการพัฒนาเว็บไซต์ เลือกภาษามาตรฐานในการพัฒนาเว็บไซด์ และใช้โฮลติ้งในการพัฒนาเว็บไซด์', 10, 2, 1),
(26, 'BA-042-023', 'พาณิชย์อิเล็กทรอนิกส์', 3, 'แนวคิดและรูปแบบของพาณิชย์อิเล็กทรอนิกส์ การจดทะเบียนพาณิชย์อิเล็กทรอนิกส์ของไทย ภาษีพาณิชย์อิเล็กทรอนิกส์ จรรยาบรรณและกฎหมายที่เกี่ยวข้องกับพาณิชย์อิเล็กทรอนิกส์  การเปิดร้านค้าออนไลน์ ระบบชำระเงินออนไลน์ การส่งสินค้าและการประกันสินค้า การบริการหลังการขาย ความปลอดภัยของพาณิชย์อิเล็กทรอนิกส์', 10, 2, 1),
(27, 'BA-042-030', 'การเขียนโปรแกรมเชิงวัตถุ', 3, 'หลักการเขียนโปรแกรมตามแนวคิดเชิงวัตถุ คลาส อ็อบเจกต์ แอตทริบิวส์ เมธอด การสืบทอดคุณสมบัติ และโพลีมอร์ฟิซึม หลักการเขียนโปรแกรมบนสภาพแวดล้อมแบบวินโดวส์ การสร้างโปรแกรมแบบกราฟฟิก อินพุต/เอาต์พุต การจัดการข้อผิดพลาดในโปรแกรม การเชื่อมต่อกับฐานข้อมูลและการจัดการโครงสร้างข้อมูลพลวัต การฝึกปฏิบัติ การเขียนโปรแกรมเชิงวัตถุ การใช้ส่วนติดต่อประสานโปรแกรมประยุกต์ ไลบรารีฟังก์ชัน และเครื่องมือสำหรับพัฒนาซอฟต์แวร์', 11, 2, 1),
(28, 'BA-042-031', 'การเขียนโปรแกรมระบบเว็บ', 3, 'หลักการเขียนโปรแกรมสำหรับเว็บ การออกแบบส่วนติดต่อผู้ใช้งาน การสร้างเว็บแบบไดนามิก หลักการเขียนภาษาสคริปต์ การเขียนโปรแกรมฝั่งลูกข่ายและแม่ข่าย กลไกคุกกี้และการสร้างเว็บที่เก็บสถานะ การให้บริการของเว็บ การใช้บริการ/ทรัพยากรบนแม่ข่าย การเชื่อมต่อกับฐานข้อมูลและการจัดการโครงสร้างข้อมูลพลวัต หลักความมั่นคงและความปลอดภัยในการเขียนโปรแกรมสำหรับเว็บ การฝึกปฏิบัติ การใช้เครื่องมือสำหรับพัฒนาโปรแกรมสำหรับเว็บ การเขียนโปรแกรมฝั่งลูกข่ายและแม่ข่ายที่ทำงานร่วมกับฐานข้อมูล โดยเลือกใช้ภาษาสคริปต์ ภาษาใดภาษาหนึ่งในการฝึกปฏิบัติ', 11, 2, 1),
(29, 'BA-042-032', 'หลักการเขียนโปรแกรมบนอุปกรณ์เคลื่อนที่', 3, 'หลักการเขียนโปรแกรมบนอุปกรณ์เคลื่อนที่ ภาษาและเครื่องมือในการพัฒนาโปรแกรมบนอุปกรณ์เคลื่อนที่ การออกแบบส่วนติดต่อผู้ใช้งาน การจัดเก็บข้อมูลและการใช้งานฐานข้อมูลบนอุปกรณ์เคลื่อนที่ การจำลองเพื่อทดสอบและแก้ไขบนระบบคอมพิวเตอร์ การติดตั้งและนำไปใช้ ฝึกการสร้างแอปพลิเคชันบนอุปกรณ์เคลื่อนที่', 11, 2, 1),
(30, 'BA-042-040', 'โครงสร้างข้อมูลและอัลกอริทึม', 3, 'ศึกษาโครงสร้างข้อมูลขั้นพื้นฐาน อาร์เรย์ รายการแบบเชื่อมโยง สแตก คิว ต้นไม้ กราฟ การเรียงลําดับและการค้นหาข้อมูล การจัดเก็บข้อมูลแบบฮีพ แฮชชิ่ง การเวียนเกิด การประยุกต์โครงสร้างข้อมูลเพื่อแก้ไขปัญหาทางธุรกิจ ได้อย่างเหมาะสม การฝึกปฏิบัติ การเขียนโปรแกรมโดยเลือกใช้ภาษาใดภาษาหนึ่งในการจัดการโครงสร้างข้อมูลแต่ละประเภท', 12, 2, 1),
(31, 'BA-042-041', 'หลักการเขียนโปรแกรมคอมพิวเตอร์', 3, 'หลักการพื้นฐานและขั้นตอนวิธีของการเขียนโปรแกรมคอมพิวเตอร์ องค์ประกอบของประโยคคำสั่ง ตัวแปร ค่าคงที่ ชนิดข้อมูล เครื่องหมายกระทำการและนิพจน์ การรับข้อมูลและแสดงผลข้อมูล โครงสร้างคำสั่งแบบลำดับ แบบเลือกทำ แบบทำซ้ำ โครงสร้างข้อมูลแบบอาร์เรย์  ไลบรารีพื้นฐานของภาษา การดำเนินการกับไฟล์ การสร้างโปรแกรมย่อย แนวคิดในการเขียนโปรแกรมเชิงวัตถุ การฝึกปฏิบัติการใช้เครื่องมือในการพัฒนาโปรแกรม การเขียนโปรแกรมเบื้องต้นโดยใช้ภาษาใดภาษาหนึ่ง การตรวจสอบ ทดสอบและแก้ไขโปรแกรม', 12, 2, 1),
(32, 'BA-042-042', 'เครือข่ายคอมพิวเตอร์สำหรับงานธุรกิจ', 3, 'แนวคิดและองค์ประกอบของระบบเครือข่าย โทโพโลยี ประเภทระบบเครือข่ายมาตรฐานแบบจำลองโอเอสไอ อุปกรณ์เครือข่าย โพรโทคอล ภัยคุกคามและการจัดการความมั่นคงของเครือข่าย การประยุกต์ใช้ระบบเครือข่ายสำหรับงานธุรกิจ', 12, 2, 1),
(33, 'BA-042-050', 'เทคโนโลยีคอมพิวเตอร์และระบบปฏิบัติการ', 3, 'โครงสร้างคอมพิวเตอร์และองค์ประกอบของคอมพิวเตอร์ ความหมายและวิวัฒนาการของระบบปฏิบัติการ วิธีการทำงานและส่วนประกอบของระบบปฏิบัติการ หน้าที่ของระบบปฏิบัติการ สามารถประกอบและติดตั้งระบบคอมพิวเตอร์และระบบปฏิบัติการคอมพิวเตอร์ได้', 13, 2, 1),
(34, 'None', 'แบบฝึกประสบการณ์', 12, 'แบบฝึกประสบการณ์วิชาชีพธุรกิจ 12 หน่วยกิต', 14, 2, 1),
(35, 'BA-045-001', 'เตรียมความพร้อมฝึกประสบการณ์วิชาชีพทางคอมพิวเตอร์', 1, 'การฝึกประสบการณ์วิชาชีพทางด้านคอมพิวเตอร์ธุรกิจในหน่วยงานของรัฐบาล รัฐวิสาหกิจ หรือเอกชน', 15, 2, 1),
(36, 'BA-045-002', 'การฝึกประสบการณ์วิชาชีพทางคอมพิวเตอร์ธุรกิจ', 3, 'การฝึกประสบการณ์วิชาชีพทางด้านคอมพิวเตอร์ธุรกิจในหน่วยงานของรัฐบาล รัฐวิสาหกิจ หรือเอกชน', 15, 2, 1),
(37, 'GE-020-009', 'สุขภาพและการสร้างสุขภาพแบบองค์รวม', 3, 'ความหมายและแนวคิดเกี่ยวกับสุขภาพ ระบบการทำงานของร่างกายมนุษย์ การสร้างสุขภาพแบบองค์รวม การออกกำลังกายเพื่อสุขภาพ อาหารเพื่อสุขภาพ การสร้างสุขภาพวิถีพุทธ การส่งเสริมสุขภาพจิตโดยสมาธิ', 2, 1, 1),
(38, 'BA-001-104', 'หลักการจัดการ', 3, 'ศึกษาลักษณะทั่วไปของธุรกิจและองค์การ แนวคิดและทฤษฎีทางการจัดการ บทบาทของนักบริหาร พฤติกรรมองค์การ สภาพแวดล้อมที่มีอิทธิพลต่อการจัดการในปัจจุบัน หน้าที่ทางการจัดการ ประกอบด้วย  การวางแผน การจัดองค์การ การบริหารทรัพยากรมนุษย์ การอำนวยการ การควบคุม จริยธรรมของนักบริหาร  และแนวโน้มทางการจัดการในอนาคต', 7, 2, 1),
(39, 'BA-001-005', 'สถิติธุรกิจ', 3, 'การนำหลักและวิธีการทางสถิติมาใช้ในการตัดสินใจทางธุรกิจ ความน่าจะเป็นและตัวแปรสุ่ม การวัดแนวโน้มเข้าสู่ส่วนกลาง  การแจกแจงความน่าจะเป็น การสุ่มตัวอย่างและการวัดการกระจาย ช่วงความเชื่อมั่น การทดสอบสมมติฐาน          การเปรียบเทียบประชากรสองกลุ่ม  การเปรียบเทียบประชากรมากกว่าสองกลุ่ม   การวิเคราะห์ความถดถอย และสหสัมพันธ์ อนุกรมเวลา การพยากรณ์และดัชนี การทดสอบไคสแควร์ การประมาณค่าและการตัดสินใจภายใต้ความไม่แน่นอน', 7, 2, 1),
(40, 'BA-042-020', 'คอมพิวเตอร์กราฟิกสำหรับงานธุรกิจ', 3, 'องค์ประกอบของงานคอมพิวเตอร์กราฟิก หลักการออกแบบงานกราฟิก การเลือกใช้เครื่องมือและโปรแกรมประยุกต์ในงานกราฟฟิก การออกแบบงานด้านวิชาการ งานด้านธุรกิจ งานโฆษณาและงานประชาสัมพันธ์ อินโฟกราฟิก การออกแบบสัญลักษณ์ การออกแบบกราฟิกสิ่งพิมพ์ การฝึกปฏิบัติ ใช้เครื่องมือและโปรแกรมประยุกต์ในงานกราฟฟิก', 10, 2, 1),
(41, 'BA-043-012', 'เทคโนโลยีมัลติมีเดียสำหรับงานธุรกิจ', 3, 'องค์ประกอบของเทคโนโลยีมัลติมีเดีย กระบวนการผลิตงานมัลติมีเดีย หลักการออกแบบงานมัลติมีเดีย หลักการเลือกใช้เครื่องมือในการทำงานมัลติมีเดีย การฝึกปฏิบัติใช้เครื่องมือ อุปกรณ์ ซอฟต์แวร์ในการพัฒนางานมัลติมีเดียที่ใช้ในงานธุรกิจ การส่งออกและการเผยแพร่ผลงาน', 14, 2, 1),
(42, 'BA-043-015', 'ระบบสารสนเทศสำนักงานอัตโนมัติ', 3, 'โครงสร้างสำนักงานอัตโนมัติ องค์ประกอบของระบบสำนักงานอัตโนมัติ การใช้คอมพิวเตอร์และโปรแกรมสำเร็จรูปในสำนักงานอัตโนมัติ การบริหารจัดการข้อมูล การสื่อสารข้อมูล การใช้งานเครือข่ายคอมพิวเตอร์ในระบบสำนักงานอัติโนมัติ   การคัดสรรเทคโนโลยีสารสนเทศสำหรับงานสำนักงานอัตโนมัติ การประยุกต์ใช้โปรแกรมในระบบสำนักงานอัตโนมัติ', 14, 2, 1);

-- --------------------------------------------------------

--
-- Table structure for table `tbl_avp`
--

CREATE TABLE `tbl_avp` (
  `courseA_ID` int(2) NOT NULL,
  `courseA_CodeName` varchar(10) NOT NULL,
  `courseA_Name` varchar(255) NOT NULL,
  `branchA_Name` varchar(255) NOT NULL,
  `courseA_Improve` varchar(4) NOT NULL,
  `courseA_Credit` int(3) NOT NULL,
  `schoolNum` int(3) NOT NULL
) ENGINE=InnoDB DEFAULT CHARSET=utf8mb4;

--
-- Dumping data for table `tbl_avp`
--

INSERT INTO `tbl_avp` (`courseA_ID`, `courseA_CodeName`, `courseA_Name`, `branchA_Name`, `courseA_Improve`, `courseA_Credit`, `schoolNum`) VALUES
(1, 'BC2557', 'ประกาศนียบัตรวิชาชีพขั้นสูง ประเภทวิชาบริหารธุรกิจ', 'คอมพิวเตอร์ธุรกิจ', '2557', 83, 1),
(2, 'BC2561', 'ประกาศนียบัตรวิชาชีพขั้นสูง ประเภทวิชาบริหารธุรกิจ', 'คอมพิวเตอร์ธุรกิจ', '2561', 83, 2);

-- --------------------------------------------------------

--
-- Table structure for table `tbl_bcl`
--

CREATE TABLE `tbl_bcl` (
  `courseB_ID` int(2) NOT NULL,
  `courseB_CodeName` varchar(10) NOT NULL,
  `courseB_Name` varchar(255) NOT NULL,
  `branchB_Name` varchar(255) NOT NULL,
  `courseB_Improve` varchar(4) NOT NULL,
  `courseB_Credit` int(3) NOT NULL
) ENGINE=InnoDB DEFAULT CHARSET=utf8mb4;

--
-- Dumping data for table `tbl_bcl`
--

INSERT INTO `tbl_bcl` (`courseB_ID`, `courseB_CodeName`, `courseB_Name`, `branchB_Name`, `courseB_Improve`, `courseB_Credit`) VALUES
(1, 'BC2561', 'บริหารธุรกิจบัณฑิต', 'คอมพิวเตอร์ธุรกิจ', '2561', 137);

-- --------------------------------------------------------

--
-- Table structure for table `tbl_category`
--

CREATE TABLE `tbl_category` (
  `categoryID` int(3) NOT NULL,
  `categoryName` varchar(255) NOT NULL,
  `categorySID` varchar(5) NOT NULL,
  `categoryCredit` int(3) NOT NULL,
  `courseB_ID` int(2) NOT NULL
) ENGINE=InnoDB DEFAULT CHARSET=utf8mb4;

--
-- Dumping data for table `tbl_category`
--

INSERT INTO `tbl_category` (`categoryID`, `categoryName`, `categorySID`, `categoryCredit`, `courseB_ID`) VALUES
(1, 'หมวดวิชาศึกษาทั่วไป', '1.', 30, 1),
(2, 'หมวดวิชาชีพเฉพาะ', '2.', 101, 1),
(3, 'หมวดวิชาเลือกเสรี', '3.', 6, 1);

-- --------------------------------------------------------

--
-- Table structure for table `tbl_courseteacher`
--

CREATE TABLE `tbl_courseteacher` (
  `ctcID` int(2) NOT NULL,
  `ctcUserName` varchar(20) NOT NULL,
  `ctcPassword` varchar(12) NOT NULL,
  `ctcName` varchar(255) NOT NULL,
  `ctcTel` varchar(10) NOT NULL
) ENGINE=InnoDB DEFAULT CHARSET=utf8mb4;

--
-- Dumping data for table `tbl_courseteacher`
--

INSERT INTO `tbl_courseteacher` (`ctcID`, `ctcUserName`, `ctcPassword`, `ctcName`, `ctcTel`) VALUES
(1, 'tong123', '123tong', 'ปานเพชร เจริญศิริ', '0644798034');

-- --------------------------------------------------------

--
-- Table structure for table `tbl_grade`
--

CREATE TABLE `tbl_grade` (
  `grade_Num` int(6) NOT NULL,
  `transcript_ID` int(3) NOT NULL,
  `courseA_ID` int(2) NOT NULL,
  `subject_AID` int(3) NOT NULL,
  `subjectGrade` float NOT NULL,
  `sMatchNum` int(3) NOT NULL,
  `matchCredit` int(2) NOT NULL
) ENGINE=InnoDB DEFAULT CHARSET=utf8mb4;

--
-- Dumping data for table `tbl_grade`
--

INSERT INTO `tbl_grade` (`grade_Num`, `transcript_ID`, `courseA_ID`, `subject_AID`, `subjectGrade`, `sMatchNum`, `matchCredit`) VALUES
(1, 1, 1, 34, 2.5, 2, 3),
(2, 1, 1, 35, 2.5, 2, 3),
(3, 1, 1, 37, 3.5, 2, 3),
(4, 1, 1, 38, 3, 2, 3),
(5, 1, 1, 39, 4, 2, 3),
(6, 1, 1, 40, 2, 2, 3),
(7, 1, 1, 41, 3, 2, 3),
(8, 1, 1, 42, 3.5, 2, 3),
(9, 1, 1, 46, 4, 2, 3),
(10, 1, 1, 51, 4, 2, 3),
(11, 1, 1, 52, 4, 2, 3),
(12, 1, 1, 36, 4, 2, 3),
(13, 1, 1, 44, 2, 2, 3),
(14, 1, 1, 45, 3, 2, 3);

-- --------------------------------------------------------

--
-- Table structure for table `tbl_school`
--

CREATE TABLE `tbl_school` (
  `schoolNum` int(3) NOT NULL,
  `schoolID` varchar(10) DEFAULT NULL,
  `schoolName` varchar(50) NOT NULL
) ENGINE=InnoDB DEFAULT CHARSET=utf8mb4;

--
-- Dumping data for table `tbl_school`
--

INSERT INTO `tbl_school` (`schoolNum`, `schoolID`, `schoolName`) VALUES
(1, '1346146401', 'วิทยาลัยการอาชีพห้วยผึ้ง'),
(2, NULL, 'มหาวิทยาลัยกาฬสินธุ์');

-- --------------------------------------------------------

--
-- Table structure for table `tbl_sg`
--

CREATE TABLE `tbl_sg` (
  `sgID` int(4) NOT NULL,
  `sgName` varchar(255) NOT NULL,
  `sgSID` varchar(10) NOT NULL,
  `sgCredit` int(3) NOT NULL,
  `categoryID` int(3) NOT NULL
) ENGINE=InnoDB DEFAULT CHARSET=utf8mb4;

--
-- Dumping data for table `tbl_sg`
--

INSERT INTO `tbl_sg` (`sgID`, `sgName`, `sgSID`, `sgCredit`, `categoryID`) VALUES
(1, 'กลุ่มวิชาภาษาและการสื่อสาร', '1.1', 15, 1),
(2, 'กลุ่มวิชามนุษยศาสตร์', '1.2', 3, 1),
(3, 'กลุ่มวิชาสังคมศาตร์', '1.3', 3, 1),
(4, 'กลุ่มวิชาคณิตศาตร์', '1.4(1)', 3, 1),
(5, 'กลุ่มวิชาวิทยาศาตร์และเทคโนโลยี', '1.4(2)', 3, 1),
(6, 'กลุ่มวิชากีฬาและนันทนาการ', '1.5', 3, 1),
(7, 'กลุ่มวิชาชีพพื้นฐาน', '2.1', 36, 2),
(8, 'กลุ่มวิชาชีพบังคับ', '2.2', 49, 2),
(9, 'ประเด็นด้านองค์การและระบบสารสนเทศ', '2.2(1)', 16, 2),
(10, 'เทคโนโลยีเพื่อการประยุกต์', '2.2(2)', 12, 2),
(11, 'เทคโนโลยีและวิธีการทางซอฟต์แวร์', '2.2(3)', 9, 2),
(12, 'โครงสร้างพื้นฐานของระบบ', '2.2(4)', 9, 2),
(13, 'ฮาร์ดแวร์และสถาปัตยกรรมทางคอมพิวเตอร์', '2.2(5)', 3, 2),
(14, 'กลุ่มวิชาชีพเลือก', '2.3', 12, 2),
(15, 'กลุ่มวิชาชีพฝึกประสบการณ์วิชาชีพ', '2.4', 4, 2);

-- --------------------------------------------------------

--
-- Table structure for table `tbl_student`
--

CREATE TABLE `tbl_student` (
  `transcript_ID` int(3) NOT NULL,
  `student_ID` varchar(15) DEFAULT NULL,
  `student_T_Name` varchar(20) NOT NULL,
  `student_F_Name` varchar(255) NOT NULL,
  `student_L_Name` varchar(255) NOT NULL,
  `student_ET_Name` varchar(20) NOT NULL,
  `student_EF_Name` varchar(255) NOT NULL,
  `student_EL_Name` varchar(255) NOT NULL,
  `schoolNum` int(3) NOT NULL,
  `courseA_ID` int(2) NOT NULL,
  `graduateYear` varchar(4) NOT NULL,
  `creditsStudied` varchar(3) NOT NULL,
  `creditsEarned` varchar(3) NOT NULL,
  `stdCredit` varchar(4) NOT NULL
) ENGINE=InnoDB DEFAULT CHARSET=utf8mb4;

--
-- Dumping data for table `tbl_student`
--

INSERT INTO `tbl_student` (`transcript_ID`, `student_ID`, `student_T_Name`, `student_F_Name`, `student_L_Name`, `student_ET_Name`, `student_EF_Name`, `student_EL_Name`, `schoolNum`, `courseA_ID`, `graduateYear`, `creditsStudied`, `creditsEarned`, `stdCredit`) VALUES
(1, '6132040002', 'นางสาว', 'ณัฐริกา', 'เพชรสังหาร', 'Female', 'Natarika', 'Petchsunghan', 1, 1, '2563', '83', '83', '3.63');

-- --------------------------------------------------------

--
-- Table structure for table `tbl_s_match`
--

CREATE TABLE `tbl_s_match` (
  `sMatchNum` int(3) NOT NULL,
  `subject_BID` int(3) NOT NULL,
  `subject_AID` int(3) NOT NULL
) ENGINE=InnoDB DEFAULT CHARSET=utf8mb4;

--
-- Dumping data for table `tbl_s_match`
--

INSERT INTO `tbl_s_match` (`sMatchNum`, `subject_BID`, `subject_AID`) VALUES
(1, 1, 50),
(2, 5, 34),
(3, 2, 35),
(4, 37, 64),
(5, 16, 45),
(6, 19, 51),
(7, 20, 52),
(8, 38, 53),
(9, 39, 55),
(10, 22, 56),
(11, 40, 57),
(12, 24, 58),
(13, 25, 59),
(14, 28, 60),
(15, 31, 41),
(16, 32, 61),
(17, 33, 39),
(18, 41, 62),
(19, 35, 63),
(20, 36, 63),
(21, 42, 40),
(52, 1, 36),
(53, 6, 38);

--
-- Indexes for dumped tables
--

--
-- Indexes for table `tbla_subject`
--
ALTER TABLE `tbla_subject`
  ADD PRIMARY KEY (`subject_AID`),
  ADD KEY `tbla_subject_FK` (`courseA_ID`);

--
-- Indexes for table `tblb_subject`
--
ALTER TABLE `tblb_subject`
  ADD PRIMARY KEY (`subject_BID`),
  ADD KEY `tblb_subject_FK` (`sgID`),
  ADD KEY `tblb_subject_FK_1` (`categoryID`),
  ADD KEY `tblb_subject_FK_2` (`courseB_ID`);

--
-- Indexes for table `tbl_avp`
--
ALTER TABLE `tbl_avp`
  ADD PRIMARY KEY (`courseA_ID`),
  ADD KEY `tbl_avp_FK` (`schoolNum`);

--
-- Indexes for table `tbl_bcl`
--
ALTER TABLE `tbl_bcl`
  ADD PRIMARY KEY (`courseB_ID`);

--
-- Indexes for table `tbl_category`
--
ALTER TABLE `tbl_category`
  ADD PRIMARY KEY (`categoryID`),
  ADD KEY `tbl_category_FK` (`courseB_ID`);

--
-- Indexes for table `tbl_courseteacher`
--
ALTER TABLE `tbl_courseteacher`
  ADD PRIMARY KEY (`ctcID`);

--
-- Indexes for table `tbl_grade`
--
ALTER TABLE `tbl_grade`
  ADD PRIMARY KEY (`grade_Num`),
  ADD KEY `tbl_grade_FK` (`transcript_ID`),
  ADD KEY `tbl_grade_FK_1` (`courseA_ID`),
  ADD KEY `tbl_grade_FK_2` (`subject_AID`),
  ADD KEY `tbl_grade_FK_3` (`sMatchNum`);

--
-- Indexes for table `tbl_school`
--
ALTER TABLE `tbl_school`
  ADD PRIMARY KEY (`schoolNum`);

--
-- Indexes for table `tbl_sg`
--
ALTER TABLE `tbl_sg`
  ADD PRIMARY KEY (`sgID`),
  ADD KEY `tbl_sg_FK` (`categoryID`);

--
-- Indexes for table `tbl_student`
--
ALTER TABLE `tbl_student`
  ADD PRIMARY KEY (`transcript_ID`),
  ADD KEY `tbl_student_FK` (`schoolNum`),
  ADD KEY `tbl_student_FK_1` (`courseA_ID`);

--
-- Indexes for table `tbl_s_match`
--
ALTER TABLE `tbl_s_match`
  ADD PRIMARY KEY (`sMatchNum`),
  ADD KEY `tbl_s_match_FK` (`subject_BID`),
  ADD KEY `tbl_s_match_FK_1` (`subject_AID`);

--
-- AUTO_INCREMENT for dumped tables
--

--
-- AUTO_INCREMENT for table `tbla_subject`
--
ALTER TABLE `tbla_subject`
  MODIFY `subject_AID` int(3) NOT NULL AUTO_INCREMENT, AUTO_INCREMENT=67;

--
-- AUTO_INCREMENT for table `tblb_subject`
--
ALTER TABLE `tblb_subject`
  MODIFY `subject_BID` int(3) NOT NULL AUTO_INCREMENT, AUTO_INCREMENT=44;

--
-- AUTO_INCREMENT for table `tbl_avp`
--
ALTER TABLE `tbl_avp`
  MODIFY `courseA_ID` int(2) NOT NULL AUTO_INCREMENT, AUTO_INCREMENT=7;

--
-- AUTO_INCREMENT for table `tbl_bcl`
--
ALTER TABLE `tbl_bcl`
  MODIFY `courseB_ID` int(2) NOT NULL AUTO_INCREMENT, AUTO_INCREMENT=14;

--
-- AUTO_INCREMENT for table `tbl_category`
--
ALTER TABLE `tbl_category`
  MODIFY `categoryID` int(3) NOT NULL AUTO_INCREMENT, AUTO_INCREMENT=4;

--
-- AUTO_INCREMENT for table `tbl_courseteacher`
--
ALTER TABLE `tbl_courseteacher`
  MODIFY `ctcID` int(2) NOT NULL AUTO_INCREMENT, AUTO_INCREMENT=6;

--
-- AUTO_INCREMENT for table `tbl_grade`
--
ALTER TABLE `tbl_grade`
  MODIFY `grade_Num` int(6) NOT NULL AUTO_INCREMENT, AUTO_INCREMENT=15;

--
-- AUTO_INCREMENT for table `tbl_school`
--
ALTER TABLE `tbl_school`
  MODIFY `schoolNum` int(3) NOT NULL AUTO_INCREMENT, AUTO_INCREMENT=9;

--
-- AUTO_INCREMENT for table `tbl_sg`
--
ALTER TABLE `tbl_sg`
  MODIFY `sgID` int(4) NOT NULL AUTO_INCREMENT, AUTO_INCREMENT=16;

--
-- AUTO_INCREMENT for table `tbl_student`
--
ALTER TABLE `tbl_student`
  MODIFY `transcript_ID` int(3) NOT NULL AUTO_INCREMENT, AUTO_INCREMENT=6;

--
-- AUTO_INCREMENT for table `tbl_s_match`
--
ALTER TABLE `tbl_s_match`
  MODIFY `sMatchNum` int(3) NOT NULL AUTO_INCREMENT, AUTO_INCREMENT=56;

--
-- Constraints for dumped tables
--

--
-- Constraints for table `tbla_subject`
--
ALTER TABLE `tbla_subject`
  ADD CONSTRAINT `tbla_subject_FK` FOREIGN KEY (`courseA_ID`) REFERENCES `tbl_avp` (`courseA_ID`);

--
-- Constraints for table `tblb_subject`
--
ALTER TABLE `tblb_subject`
  ADD CONSTRAINT `tblb_subject_FK` FOREIGN KEY (`sgID`) REFERENCES `tbl_sg` (`sgID`),
  ADD CONSTRAINT `tblb_subject_FK_1` FOREIGN KEY (`categoryID`) REFERENCES `tbl_category` (`categoryID`),
  ADD CONSTRAINT `tblb_subject_FK_2` FOREIGN KEY (`courseB_ID`) REFERENCES `tbl_bcl` (`courseB_ID`);

--
-- Constraints for table `tbl_avp`
--
ALTER TABLE `tbl_avp`
  ADD CONSTRAINT `tbl_avp_FK` FOREIGN KEY (`schoolNum`) REFERENCES `tbl_school` (`schoolNum`);

--
-- Constraints for table `tbl_category`
--
ALTER TABLE `tbl_category`
  ADD CONSTRAINT `tbl_category_FK` FOREIGN KEY (`courseB_ID`) REFERENCES `tbl_bcl` (`courseB_ID`);

--
-- Constraints for table `tbl_grade`
--
ALTER TABLE `tbl_grade`
  ADD CONSTRAINT `tbl_grade_FK` FOREIGN KEY (`transcript_ID`) REFERENCES `tbl_student` (`transcript_ID`),
  ADD CONSTRAINT `tbl_grade_FK_1` FOREIGN KEY (`courseA_ID`) REFERENCES `tbl_avp` (`courseA_ID`),
  ADD CONSTRAINT `tbl_grade_FK_2` FOREIGN KEY (`subject_AID`) REFERENCES `tbla_subject` (`subject_AID`),
  ADD CONSTRAINT `tbl_grade_FK_3` FOREIGN KEY (`sMatchNum`) REFERENCES `tbl_s_match` (`sMatchNum`);

--
-- Constraints for table `tbl_sg`
--
ALTER TABLE `tbl_sg`
  ADD CONSTRAINT `tbl_sg_FK` FOREIGN KEY (`categoryID`) REFERENCES `tbl_category` (`categoryID`);

--
-- Constraints for table `tbl_student`
--
ALTER TABLE `tbl_student`
  ADD CONSTRAINT `tbl_student_FK` FOREIGN KEY (`schoolNum`) REFERENCES `tbl_school` (`schoolNum`),
  ADD CONSTRAINT `tbl_student_FK_1` FOREIGN KEY (`courseA_ID`) REFERENCES `tbl_avp` (`courseA_ID`);

--
-- Constraints for table `tbl_s_match`
--
ALTER TABLE `tbl_s_match`
  ADD CONSTRAINT `tbl_s_match_FK` FOREIGN KEY (`subject_BID`) REFERENCES `tblb_subject` (`subject_BID`),
  ADD CONSTRAINT `tbl_s_match_FK_1` FOREIGN KEY (`subject_AID`) REFERENCES `tbla_subject` (`subject_AID`);
COMMIT;

/*!40101 SET CHARACTER_SET_CLIENT=@OLD_CHARACTER_SET_CLIENT */;
/*!40101 SET CHARACTER_SET_RESULTS=@OLD_CHARACTER_SET_RESULTS */;
/*!40101 SET COLLATION_CONNECTION=@OLD_COLLATION_CONNECTION */;
